timestep,auroc,series
0,0.7615821396309201,Full EWS GRU
1,0.8056523422377081,Full EWS GRU
2,0.7943605626532456,Full EWS GRU
3,0.7983610788488837,Full EWS GRU
4,0.7993289456704091,Full EWS GRU
5,0.8065556846044651,Full EWS GRU
6,0.8042328042328042,Full EWS GRU
7,0.8193315266485999,Full EWS GRU
8,0.8283649503161699,Full EWS GRU
9,0.8348819202477739,Full EWS GRU
10,0.8454639308297844,Full EWS GRU
11,0.8458510775583946,Full EWS GRU
12,0.845012259646406,Full EWS GRU
13,0.841398890179378,Full EWS GRU
14,0.8526906697638404,Full EWS GRU
15,0.858368821783456,Full EWS GRU
16,0.8644341205316816,Full EWS GRU
17,0.8686927345463931,Full EWS GRU
18,0.8763711446638276,Full EWS GRU
19,0.8817266744096013,Full EWS GRU
20,0.8878564976125952,Full EWS GRU
21,0.8854045683313976,Full EWS GRU
22,0.8903729513485611,Full EWS GRU
23,0.8950187120918828,Full EWS GRU
24,0.8969756097560976,Full EWS GRU
25,0.896520325203252,Full EWS GRU
26,0.8936585365853659,Full EWS GRU
27,0.8940487804878049,Full EWS GRU
28,0.8935284552845528,Full EWS GRU
29,0.8936585365853659,Full EWS GRU
30,0.8894571203776553,Full EWS GRU
31,0.8867033831628639,Full EWS GRU
32,0.8910306845003934,Full EWS GRU
33,0.8916863362182009,Full EWS GRU
34,0.8891948596905324,Full EWS GRU
35,0.8912273800157356,Full EWS GRU
36,0.8903771824603492,Full EWS GRU
37,0.8923097427695589,Full EWS GRU
38,0.8915614082235958,Full EWS GRU
39,0.888806772373018,Full EWS GRU
40,0.8884297520661157,Full EWS GRU
41,0.8920877929819807,Full EWS GRU
42,0.8933748814523778,Full EWS GRU
43,0.8949329359165424,Full EWS GRU
44,0.8966942148760331,Full EWS GRU
45,0.9000812897981303,Full EWS GRU
46,0.9021135347513887,Full EWS GRU
47,0.904281262701531,Full EWS GRU
48,0.9036715892155535,Full EWS GRU
49,0.9049586776859504,Full EWS GRU
50,0.9046513216310361,Full EWS GRU
51,0.9054709377774742,Full EWS GRU
52,0.9090220385674931,Full EWS GRU
53,0.9069559228650138,Full EWS GRU
54,0.9069559228650138,Full EWS GRU
55,0.9072314049586777,Full EWS GRU
56,0.9075757575757576,Full EWS GRU
57,0.9076446280991736,Full EWS GRU
58,0.9080578512396694,Full EWS GRU
59,0.9085399449035813,Full EWS GRU
60,0.9095730027548209,Full EWS GRU
61,0.9098484848484848,Full EWS GRU
62,0.9088842975206611,Full EWS GRU
0,0.7631307265453607,Generation-state MLP probe
1,0.7454510259388308,Generation-state MLP probe
2,0.7048651438895341,Generation-state MLP probe
3,0.745838172667441,Generation-state MLP probe
4,0.7323525616208543,Generation-state MLP probe
5,0.7901664730933023,Generation-state MLP probe
6,0.7042198993418506,Generation-state MLP probe
7,0.6823461091753774,Generation-state MLP probe
8,0.6460188411407923,Generation-state MLP probe
9,0.5654277971351143,Generation-state MLP probe
10,0.5785907859078591,Generation-state MLP probe
11,0.6550522648083623,Generation-state MLP probe
12,0.6297586785391663,Generation-state MLP probe
13,0.6308555942702284,Generation-state MLP probe
14,0.6752484191508582,Generation-state MLP probe
15,0.6895083236546651,Generation-state MLP probe
16,0.6772486772486772,Generation-state MLP probe
17,0.672151245321977,Generation-state MLP probe
18,0.613627564847077,Generation-state MLP probe
19,0.6693121693121693,Generation-state MLP probe
20,0.5803329461866047,Generation-state MLP probe
21,0.7174474125693638,Generation-state MLP probe
22,0.6180152277713253,Generation-state MLP probe
23,0.6874435411020777,Generation-state MLP probe
24,0.729430894308943,Generation-state MLP probe
25,0.6850081300813008,Generation-state MLP probe
26,0.7724878048780488,Generation-state MLP probe
27,0.7621463414634146,Generation-state MLP probe
28,0.7386016260162601,Generation-state MLP probe
29,0.6934634146341463,Generation-state MLP probe
30,0.671846315237346,Generation-state MLP probe
31,0.683910306845004,Generation-state MLP probe
32,0.6390637293469709,Generation-state MLP probe
33,0.6865984788880147,Generation-state MLP probe
34,0.6146079202727511,Generation-state MLP probe
35,0.6926960398636245,Generation-state MLP probe
36,0.6211515393842463,Generation-state MLP probe
37,0.6747967479674797,Generation-state MLP probe
38,0.6630610051061543,Generation-state MLP probe
39,0.6597688793335125,Generation-state MLP probe
40,0.7422435984283973,Generation-state MLP probe
41,0.6999051619021813,Generation-state MLP probe
42,0.7024115973445333,Generation-state MLP probe
43,0.7298469042135212,Generation-state MLP probe
44,0.6269475680802059,Generation-state MLP probe
45,0.6856117057309308,Generation-state MLP probe
46,0.6842568757620918,Generation-state MLP probe
47,0.5993767782143341,Generation-state MLP probe
48,0.611908955426094,Generation-state MLP probe
49,0.6978051754504809,Generation-state MLP probe
50,0.6660064203264804,Generation-state MLP probe
51,0.728707055528994,Generation-state MLP probe
52,0.6597796143250688,Generation-state MLP probe
53,0.6460743801652893,Generation-state MLP probe
54,0.6378787878787879,Generation-state MLP probe
55,0.668939393939394,Generation-state MLP probe
56,0.6659090909090909,Generation-state MLP probe
57,0.6092286501377411,Generation-state MLP probe
58,0.6617768595041322,Generation-state MLP probe
59,0.6661845730027548,Generation-state MLP probe
60,0.5258953168044077,Generation-state MLP probe
61,0.6588842975206611,Generation-state MLP probe
62,0.6097796143250689,Generation-state MLP probe
