probe,family,auroc
h_0 linear,arithmetic,0.978021978021978
Full EWS,arithmetic,1.0
z_0 linear,arithmetic,0.9230769230769231
Family prior,arithmetic,0.4725274725274725
h_0 linear,multi_step_arithmetic,0.8482142857142857
Full EWS,multi_step_arithmetic,0.9375
Family prior,multi_step_arithmetic,0.5625
z_0 linear,multi_step_arithmetic,0.7857142857142857
h_0 linear,syllogistic,0.9310344827586207
Family prior,syllogistic,0.8362068965517241
z_0 linear,syllogistic,0.9741379310344828
Full EWS,syllogistic,0.8275862068965517
Family prior,relational,0.6503496503496503
Full EWS,relational,0.8688811188811189
z_0 linear,relational,0.8111888111888111
h_0 linear,relational,0.9702797202797203
Family prior,set_inclusion,0.2916666666666667
Full EWS,set_inclusion,0.78125
h_0 linear,set_inclusion,0.875
z_0 linear,set_inclusion,0.8020833333333334
Full EWS,contradiction,0.8869047619047619
h_0 linear,contradiction,0.7261904761904762
Family prior,contradiction,0.35119047619047616
z_0 linear,contradiction,0.6428571428571429
z_0 linear,variable_chain,0.7857142857142857
Full EWS,variable_chain,0.7976190476190477
h_0 linear,variable_chain,0.8214285714285714
Family prior,variable_chain,0.6904761904761905
z_0 linear,multi_hop,0.33636363636363636
h_0 linear,multi_hop,0.6
Family prior,multi_hop,0.45454545454545453
Full EWS,multi_hop,0.8727272727272727
