source,layer,hook_mode,magnitude,magnitude_std,condition,flip_rate,n,ci_low,ci_high
target_layer_25_prefill_json,25,prefill,1.1933472156524658,0.5,directed,0.0,100,0.0,0.03699480747600191
target_layer_25_prefill_json,25,prefill,1.1933472156524658,0.5,random,0.0,500,0.0,0.007624618530903363
target_layer_25_prefill_json,25,prefill,2.3866944313049316,1.0,directed,0.0,100,0.0,0.03699480747600191
target_layer_25_prefill_json,25,prefill,2.3866944313049316,1.0,random,0.0,500,0.0,0.007624618530903363
target_layer_25_prefill_json,25,prefill,4.773388862609863,2.0,directed,0.0,100,0.0,0.03699480747600191
target_layer_25_prefill_json,25,prefill,4.773388862609863,2.0,random,0.0,500,0.0,0.007624618530903363
target_layer_25_prefill_json,25,prefill,7.160083293914795,3.0,directed,0.0,100,0.0,0.03699480747600191
target_layer_25_prefill_json,25,prefill,7.160083293914795,3.0,random,0.0,500,0.0,0.007624618530903363
target_layer_25_prefill_json,25,prefill,11.933472156524658,5.0,directed,0.0,100,0.0,0.03699480747600191
target_layer_25_prefill_json,25,prefill,11.933472156524658,5.0,random,0.0,500,0.0,0.007624618530903363
layer_13_persistent_writeup,13,persistent,0.6,0.5,directed,0.013,80,0.002362169536217054,0.06826625358547911
layer_13_persistent_writeup,13,persistent,0.6,0.5,random,0.03,400,0.017242849034032177,0.05169903312966765
layer_13_persistent_writeup,13,persistent,1.2,1.0,directed,0.05,80,0.01961323712729557,0.121624525510822
layer_13_persistent_writeup,13,persistent,1.2,1.0,random,0.007,400,0.002302722211352687,0.021076741419932453
layer_13_persistent_writeup,13,persistent,2.41,2.0,directed,0.013,80,0.002362169536217054,0.06826625358547911
layer_13_persistent_writeup,13,persistent,2.41,2.0,random,0.033,400,0.01946205777925132,0.05542274854085043
layer_13_persistent_writeup,13,persistent,3.61,3.0,directed,0.025,80,0.006882748898125228,0.08664600055322111
layer_13_persistent_writeup,13,persistent,3.61,3.0,random,0.022,400,0.011535394463252841,0.041558689950041874
layer_13_persistent_writeup,13,persistent,6.02,5.0,directed,0.025,80,0.006882748898125228,0.08664600055322111
layer_13_persistent_writeup,13,persistent,6.02,5.0,random,0.035,400,0.0209610999014911,0.05788565585621193
