layer,hook_mode,magnitude,condition,flips,n,flip_rate,ci_low,ci_high
19,persistent,0.17,directed,3,60,0.05,0.01714919117914121,0.13700734625099836
19,persistent,0.17,in_subspace,17,300,0.056666666666666664,0.03567717591318777,0.08886666535147117
19,persistent,0.17,rand_subspace,17,300,0.056666666666666664,0.03567717591318777,0.08886666535147117
19,persistent,0.17,complement,17,300,0.056666666666666664,0.03567717591318777,0.08886666535147117
19,persistent,0.17,full_random,19,300,0.06333333333333334,0.04091655604878177,0.09679203948257406
19,persistent,0.34,directed,4,60,0.06666666666666667,0.02622827414319792,0.15925579893767722
19,persistent,0.34,in_subspace,19,300,0.06333333333333334,0.04091655604878177,0.09679203948257406
19,persistent,0.34,rand_subspace,18,300,0.06,0.038286055915477436,0.09284016248252996
19,persistent,0.34,complement,19,300,0.06333333333333334,0.04091655604878177,0.09679203948257406
19,persistent,0.34,full_random,17,300,0.056666666666666664,0.03567717591318777,0.08886666535147117
19,persistent,0.86,directed,4,60,0.06666666666666667,0.02622827414319792,0.15925579893767722
19,persistent,0.86,in_subspace,20,300,0.06666666666666667,0.04356717679698387,0.10072379586772039
19,persistent,0.86,rand_subspace,18,300,0.06,0.038286055915477436,0.09284016248252996
19,persistent,0.86,complement,19,300,0.06333333333333334,0.04091655604878177,0.09679203948257406
19,persistent,0.86,full_random,20,300,0.06666666666666667,0.04356717679698387,0.10072379586772039
