component,explained_variance,share_top20,cumulative_share_top20
1,542.2740478515625,0.32561886378628524,0.32561886378628524
2,224.63821411132812,0.1348883287550088,0.460507192541294
3,170.50436401367188,0.10238261908475553,0.5628898116260496
4,139.65621948242188,0.08385925841135246,0.646749070037402
5,110.37808990478516,0.06627864336140021,0.7130277133988022
6,69.95280456542969,0.04200450460704017,0.7550322180058424
7,59.22148513793945,0.03556067781364813,0.7905928958194905
8,54.050655364990234,0.03245575379567096,0.8230486496151616
9,46.75881576538086,0.028077228703526802,0.8511258783186884
10,36.367218017578125,0.02183739431541706,0.8729632726341053
11,30.35983657836914,0.018230146787500144,0.8911934194216055
12,25.398143768310547,0.015250803074355852,0.9064442224959613
13,24.471742630004883,0.014694527723801027,0.9211387502197624
14,23.522436141967773,0.014124498416213351,0.9352632486359758
15,21.213390350341797,0.012737987536560183,0.948001236172536
16,19.02593421936035,0.011424487503183159,0.9594257236757191
17,18.2708740234375,0.010971097111257285,0.9703968207869763
18,17.622638702392578,0.010581851766507607,0.9809786725534839
19,15.899004936218262,0.0095468627775472,0.9905255353310312
20,15.778435707092285,0.009474464668968832,1.0
