rank,pooled_auroc,within_family_auroc
1,0.7022196412440315,0.5911798779525073
2,0.7000903342366757,0.5951583796950176
4,0.7382242870047748,0.6047852829641622
8,0.8152664859981933,0.6172843589600056
16,0.8474641889276036,0.7061027334734231
32,0.8706284681894438,0.7399810229282212
48,0.8674667699057943,0.7615141593320472
64,0.8870822041553749,0.7962745049490739
96,0.9073428829526391,0.8221419026375923
128,0.900825913021035,0.8232119084220377
192,0.8891469867079623,0.7663399818572232
256,0.8675312943605626,0.7149548637425793
